case_id,case_name,case_type,id,bbb,inform_time,case_position,case_lon,case_lat,case_description,case_status,X,Y
1551,未定名,民事,,,6/8/2019 10:52:50,鹿鸣苑停车场,114.36629,30.50274,魏某某醉酒驾驶被捕,未处理,12731197.17,3568337.46
3020,未定名,行政,,,6/8/2019 10:52:50,桂子花园18栋,114.363793,30.507858,潘某某肇事逃逸被捕,未处理,12730919.2,3568998.72
4956,未定名,民事,,,6/8/2019 10:52:51,天美意(新世界百货徐东店),114.344608,30.590134,章某某肇事逃逸审讯,未处理,12728783.54,3579633.86
804,未定名,行政,,,6/8/2019 10:52:49,板桥小区,114.310773,30.470846,华某某肇事逃逸审讯,未处理,12725017.04,3564217.43
3616,未定名,行政,,,6/8/2019 10:52:50,星月海琴行(华农店),114.350571,30.47511,王某某肇事逃逸审讯,未处理,12729447.34,3564768.17
4699,未定名,行政,,,6/8/2019 10:52:51,中天职业教育培训中心培训基地,114.37895,30.521698,李某某醉酒驾驶审讯,未处理,12732606.47,3570787.08
3800,未定名,行政,,,6/8/2019 10:52:51,云轩居装饰公司,114.416532,30.498548,曹某某扒车盗窃被捕,未处理,12736790.08,3567795.86
6840,未定名,行政,,,6/8/2019 10:52:52,施中湾38号楼,114.767029,30.887082,柏某某肇事逃逸被捕,未处理,12775807.23,3618093.26
7576,未定名,民事,,,6/8/2019 10:52:52,大伯伦47号楼,114.776562,30.916056,章某某扒车盗窃审讯,未处理,12776868.44,3621852.21
984,未定名,行政,,,6/8/2019 10:52:49,洪山区武珞路小学石牌岭分校(东南门),114.340878,30.519773,张某某街头诈骗被捕,未处理,12728368.32,3570538.32
1534,未定名,行政,,,6/8/2019 10:52:50,智能公寓,114.403721,30.504403,冯某某醉酒驾驶在逃,未处理,12735363.97,3568552.32
5838,未定名,民事,,,6/8/2019 10:52:51,兰州牛肉拉面(康居五路),114.24321,30.648511,柏某某街头诈骗在逃,未处理,12717495.96,3587185.25
873,未定名,行政,,,6/8/2019 10:52:49,湖北省动物医疗工程技术研究中心,114.325439,30.484578,朱某某盗窃三车在逃,未处理,12726649.65,3565991.15
7781,未定名,刑事,,,6/8/2019 10:52:52,南浦里306号楼,114.806244,30.839535,李某某虚假诉讼在逃,未处理,12780172.62,3611927.2
2505,未定名,行政,,,6/8/2019 10:52:50,板桥社区-计生服务与药具发放点,114.31602,30.4673,李某某醉酒驾驶审讯,未处理,12725601.14,3563759.44
2502,未定名,民事,,,6/8/2019 10:52:50,咕噜噜卤汁饭,114.31338,30.499438,曹某某醉酒驾驶被捕,未处理,12725307.25,3567910.85
2779,未定名,民事,,,6/8/2019 10:52:50,永诚装潢部,114.329734,30.512757,孙某某虚假诉讼在逃,未处理,12727127.77,3569631.72
6453,未定名,刑事,,,6/8/2019 10:52:51,程益里6号楼,114.764083,30.830601,孔某某盗窃（破坏）电力电信设施审讯,未处理,12775479.28,3610768.95
3622,未定名,行政,,,6/8/2019 10:52:50,依依家常菜(武体店),114.377147,30.51673,尤某某网络诈骗在逃,未处理,12732405.76,3570145.1
4689,未定名,民事,,,6/8/2019 10:52:51,武汉市洪山区童蒙绘美术工作室,114.414406,30.488947,苏某某街头诈骗审讯,未处理,12736553.42,3566555.53
3408,未定名,刑事,,,6/8/2019 10:52:50,葛洲坝卡尔顿庄园C3幢,114.446276,30.507428,奚某某扒车盗窃审讯,未处理,12740101.17,3568943.16
5254,未定名,行政,,,6/8/2019 10:52:51,鹏凌苑(东南门),114.340691,30.590802,钱某某盗油在逃,未处理,12728347.5,3579720.24
1829,未定名,民事,,,6/8/2019 10:52:50,信禾智业营销策划有限公司,114.423824,30.504023,陶某某肇事逃逸在逃,未处理,12737601.82,3568503.22
6666,未定名,民事,,,6/8/2019 10:52:52,下喻湾49号楼,114.730956,30.840048,华某某盗窃电缆、电线、U形线夹被捕,未处理,12771791.6,3611993.71
7819,未定名,刑事,,,6/8/2019 10:52:52,南浦里231号楼,114.806284,30.840126,郎某某盗窃保险柜被捕,未处理,12780177.07,3612003.82
4656,未定名,行政,,,6/8/2019 10:52:51,天云阁画室,114.341968,30.48037,郑某某盗油被捕,未处理,12728489.65,3565447.58
1563,未定名,刑事,,,6/8/2019 10:52:50,华中科技大学东2区宿舍126栋,114.419829,30.516309,邹某某盗窃（破坏）电力电信设施在逃,未处理,12737157.1,3570090.7
1067,未定名,民事,,,6/8/2019 10:52:50,腾龙张师傅专业钣金喷漆,114.330971,30.512987,秦某某街头诈骗审讯,未处理,12727265.47,3569661.44
5544,未定名,刑事,,,6/8/2019 10:52:51,金乙珠宝,114.344401,30.590292,卫某某电信诈骗审讯,未处理,12728760.49,3579654.29
3838,未定名,行政,,,6/8/2019 10:52:51,卡莱泰克图像系统有限公司武汉办事处,114.353927,30.524473,柏某某电信诈骗审讯,未处理,12729820.92,3571145.68
4400,未定名,行政,,,6/8/2019 10:52:51,艺彩风车公司,114.290309,30.50862,陶某某酒后驾驶被捕,未处理,12722739,3569097.18
4178,未定名,行政,,,6/8/2019 10:52:51,亮鑫,114.26069,30.437963,冯某某入室盗窃被捕,未处理,12719441.83,3559971.05
3906,未定名,行政,,,6/8/2019 10:52:51,木兰小厨,114.351418,30.526614,华某某虚假诉讼在逃,未处理,12729541.62,3571422.36
2821,未定名,民事,,,6/8/2019 10:52:50,鸿岭花园5栋,114.341159,30.51896,李某某酒后驾驶在逃,未处理,12728399.6,3570433.26
4983,未定名,民事,,,6/8/2019 10:52:51,中国建设人事教育网,114.346569,30.587101,吴某某盗窃电缆、电线、U形线夹审讯,未处理,12729001.84,3579241.65
3120,未定名,行政,,,6/8/2019 10:52:50,武汉体育学院离退休工作处,114.380249,30.518086,秦某某酒后驾驶在逃,未处理,12732751.08,3570320.32
2644,未定名,民事,,,6/8/2019 10:52:50,卤智圣,114.333893,30.484546,孔某某扒车盗窃在逃,未处理,12727590.75,3565987.01
6846,未定名,民事,,,6/8/2019 10:52:52,施中湾30号楼,114.767107,30.887313,彭某某盗电在逃,未处理,12775815.91,3618123.22
5851,未定名,行政,,,6/8/2019 10:52:51,爱比利披萨时尚休闲餐厅,114.310786,30.565524,郎某某肇事逃逸审讯,未处理,12725018.49,3576451.78
5325,未定名,民事,,,6/8/2019 10:52:51,爱亲专卖店,114.346659,30.588338,周某某盗电被捕,未处理,12729011.85,3579401.61
1385,未定名,行政,,,6/8/2019 10:52:50,武汉鸿嵩物流有限公司(文荟街),114.338553,30.508538,魏某某网络诈骗审讯,未处理,12728109.5,3569086.58
4822,未定名,民事,,,6/8/2019 10:52:51,群星城K3-2楼,114.34928,30.584632,窦某某醉酒驾驶被捕,未处理,12729303.62,3578922.38
5652,未定名,刑事,,,6/8/2019 10:52:51,途虎养车(武汉万利生活广场店),114.355499,30.592653,曹某某肇事逃逸在逃,未处理,12729995.92,3579959.61
788,未定名,民事,,,6/8/2019 10:52:49,虹景花园(南门),114.422203,30.508001,范某某醉酒驾驶被捕,未处理,12737421.37,3569017.2
2155,未定名,刑事,,,6/8/2019 10:52:50,腾飞不锈钢(白沙洲大道),114.288912,30.498251,杨某某入室盗窃被捕,未处理,12722583.49,3567757.49
6983,未定名,行政,,,6/8/2019 10:52:52,孙家塆,114.964977,30.933423,钱某某肇事逃逸被捕,未处理,12797842.7,3624105.87
176,8zQoXFH,行政,,,6/8/2019 10:52:49,大东Dusto(虎泉店),114.367304,30.510343,潘某某肇事逃逸在逃,未处理,12731310.04,3569319.81
866,未定名,行政,,,6/8/2019 10:52:49,武汉理工大学生创业基地,114.353167,30.519383,王某某电信诈骗在逃,未处理,12729736.32,3570487.92
2862,未定名,民事,,,6/8/2019 10:52:50,湖北中汇时代文化传播有限公司,114.345423,30.518698,冯某某盗窃（破坏）电力电信设施审讯,未处理,12728874.26,3570399.41
1516,未定名,刑事,,,6/8/2019 10:52:50,千升大酒店华中农业大学店(东北门),114.336121,30.480289,邹某某虚假诉讼在逃,未处理,12727838.77,3565437.12
6560,未定名,行政,,,6/8/2019 10:52:52,何五洲湾30号楼,114.765201,30.853639,华某某盗窃（破坏）电力电信设施被捕,未处理,12775603.74,3613755.93
2641,未定名,刑事,,,6/8/2019 10:52:50,华中农业大学-学生事务大楼,114.362699,30.473179,蒋某某入室盗窃审讯,未处理,12730797.42,3564518.75
2688,未定名,行政,,,6/8/2019 10:52:50,武汉市企一家管理咨询有限公司,114.352657,30.523992,钱某某酒后驾驶被捕,未处理,12729679.55,3571083.52
1675,未定名,行政,,,6/8/2019 10:52:50,尚德机构(光谷店),114.398435,30.507364,潘某某盗窃三车被捕,未处理,12734775.53,3568934.9
2430,未定名,刑事,,,6/8/2019 10:52:50,板桥社区c区2号楼,114.31542,30.46881,范某某醉酒驾驶被捕,未处理,12725534.34,3563954.46
4852,未定名,行政,,,6/8/2019 10:52:51,兴业银行24小时自助银行(武汉钢花南苑社区支行),114.389358,30.61907,陶某某虚假诉讼在逃,未处理,12733765.08,3583376.32
215,4MXzD14,刑事,,,6/8/2019 10:52:49,中国电信(烽胜路营业厅),114.292767,30.484044,郑某某肇事逃逸被捕,未处理,12723012.62,3565922.17
5936,未定名,刑事,,,6/8/2019 10:52:51,韩泰轮胎,114.364627,30.571591,姜某某肇事逃逸在逃,未处理,12731012.04,3577236.17
2823,未定名,行政,,,6/8/2019 10:52:50,集胜隆汽配超市(武昌店),114.328965,30.513556,钱某某盗窃（破坏）电力电信设施在逃,未处理,12727042.17,3569734.97
4976,未定名,刑事,,,6/8/2019 10:52:51,丰范金融管理有限公司,114.349488,30.584795,吴某某扒车盗窃在逃,未处理,12729326.78,3578943.46
5934,未定名,行政,,,6/8/2019 10:52:51,武汉市荆楚少儿图书馆(东北门),114.347602,30.54809,赵某某肇事逃逸被捕,未处理,12729116.83,3574198.05
5754,未定名,行政,,,6/8/2019 10:52:51,亿美广东名优家具特卖馆,114.390524,30.722031,赵某某入室盗窃审讯,未处理,12733894.88,3596701.95
3969,未定名,民事,,,6/8/2019 10:52:51,精品鸭脖,114.338708,30.481389,卫某某肇事逃逸审讯,未处理,12728126.75,3565579.21
1061,未定名,民事,,,6/8/2019 10:52:50,惠养车(德欣里西苑站),114.480139,30.498011,戚某某虚假诉讼被捕,未处理,12743870.78,3567726.49
6358,未定名,民事,,,6/8/2019 10:52:51,沈旗杆塆47号楼,114.723869,30.809472,苏某某盗窃（破坏）电力电信设施审讯,未处理,12771002.68,3608030.1
3592,未定名,刑事,,,6/8/2019 10:52:50,武汉市小面郎食品有限公司(西北门),114.416361,30.532754,陶某某肇事逃逸审讯,未处理,12736771.04,3572215.87
3286,未定名,行政,,,6/8/2019 10:52:50,武汉职业技术学院东区逸云楼,114.412915,30.485433,张某某街头诈骗在逃,未处理,12736387.44,3566101.59
3684,未定名,行政,,,6/8/2019 10:52:50,武汉市洪山区玉龙汽车维修服务有限公司,114.292736,30.502127,郑某某酒后驾驶被捕,未处理,12723009.17,3568258.26
3871,未定名,民事,,,6/8/2019 10:52:51,猫猫的鱼,114.396294,30.483006,卫某某飞车抢夺审讯,未处理,12734537.2,3565788.08
1911,未定名,行政,,,6/8/2019 10:52:50,丁字桥南路与建安街交叉口,114.325391,30.504222,潘某某街头扒窃审讯,未处理,12726644.31,3568528.94
7309,未定名,行政,,,6/8/2019 10:52:52,梅氏五金交电日杂,114.757197,30.924966,孙某某盗窃电缆、电线、U形线夹审讯,未处理,12774712.73,3623008.38
6172,未定名,行政,,,6/8/2019 10:52:51,肖长咀59号楼,114.737944,30.755187,钱某某肇事逃逸在逃,未处理,12772569.5,3600996.16
2138,未定名,刑事,,,6/8/2019 10:52:50,长江社区·关山四村12幢-1单元,114.409004,30.483145,谢某某入室盗窃被捕,未处理,12735952.07,3565806.04
6484,未定名,行政,,,6/8/2019 10:52:51,上谢圩21号楼,114.764394,30.826134,蒋某某扒车盗窃在逃,未处理,12775513.9,3610189.86
6418,未定名,民事,,,6/8/2019 10:52:51,夏中湾14号楼,114.771796,30.836507,邹某某盗窃保险柜在逃,未处理,12776337.89,3611534.62
4376,未定名,行政,,,6/8/2019 10:52:51,优品家纺梦洁毛巾(光谷店),114.403455,30.506395,沉某某街头诈骗在逃,未处理,12735334.36,3568809.7
2967,未定名,民事,,,6/8/2019 10:52:50,沙县小吃(学雅芳邻店),114.366371,30.502005,葛某某入室盗窃被捕,未处理,12731206.18,3568242.5
4855,未定名,行政,,,6/8/2019 10:52:51,F096(群星城),114.349593,30.584471,孙某某肇事逃逸在逃,未处理,12729338.47,3578901.56
5713,未定名,刑事,,,6/8/2019 10:52:51,蓬莱湾私房菜,114.381511,30.881439,褚某某扒车盗窃审讯,未处理,12732891.56,3617361.29
6658,未定名,行政,,,6/8/2019 10:52:52,伟头不锈钢,114.753667,30.848911,吕某某肇事逃逸被捕,未处理,12774319.78,3613142.87
3635,未定名,刑事,,,6/8/2019 10:52:50,凌志化工科技实业公司,114.39257,30.509598,云某某肇事逃逸被捕,未处理,12734122.64,3569223.55
7019,未定名,民事,,,6/8/2019 10:52:52,张文里128号楼,114.767256,30.892119,孙某某醉酒驾驶审讯,未处理,12775832.5,3618746.65
4759,未定名,行政,,,6/8/2019 10:52:51,鑫通环汽车租赁,114.381552,30.617384,孔某某街头诈骗被捕,未处理,12732896.12,3583158.23
858,未定名,行政,,,6/8/2019 10:52:49,华中师范大学中科创业学院,114.361439,30.518969,冯某某入室抢劫在逃,未处理,12730657.16,3570434.42
5991,未定名,民事,,,6/8/2019 10:52:51,木兰天池老村长农家饭庄,114.290848,31.177779,钱某某盗窃三车在逃,未处理,12722799,3655858.72
2351,未定名,行政,,,6/8/2019 10:52:50,花香漫花艺生活馆,114.295613,30.469381,葛某某醉酒驾驶审讯,未处理,12723329.44,3564028.21
69,Vb9r96Z,行政,,,6/8/2019 10:52:49,西式披萨汉堡欢乐餐厅(八一花园店),114.387935,30.492996,魏某某肇事逃逸审讯,未处理,12733606.68,3567078.6
3831,未定名,民事,,,6/8/2019 10:52:51,武汉搜索霸屏新媒体有限公司,114.394925,30.509717,尤某某盗窃电缆、电线、U形线夹审讯,未处理,12734384.8,3569238.92
2819,未定名,民事,,,6/8/2019 10:52:50,迪雅花园1-10号,114.334412,30.516163,孙某某肇事逃逸审讯,未处理,12727648.52,3570071.83
205,6A1EJNl,行政,,,6/8/2019 10:52:49,康辉旅游,114.398044,30.49604,陈某某入室盗窃在逃,未处理,12734732.01,3567471.85
6337,未定名,民事,,,6/8/2019 10:52:51,喻咀上湾7号楼,114.73528,30.814418,吴某某醉酒驾驶在逃,未处理,12772272.95,3608671.17
2586,未定名,刑事,,,6/8/2019 10:52:50,松涛苑E区7栋,114.322427,30.511402,韩某某街头扒窃被捕,未处理,12726314.36,3569456.64
490,未定名,行政,,,6/8/2019 10:52:49,保利·拉菲停车场(出口),114.370635,30.499173,李某某飞车抢夺审讯,未处理,12731680.85,3567876.61
121,Dt1Qol3,行政,,,6/8/2019 10:52:49,爬宠生活馆,114.391007,30.531399,王某某入室盗窃审讯,未处理,12733948.65,3572040.75
1396,未定名,民事,,,6/8/2019 10:52:50,靓丽美甲,114.374691,30.508716,章某某街头扒窃审讯,未处理,12732132.36,3569109.58
401,niAYVm4,民事,,,6/8/2019 10:52:49,湖北工业大学图书馆,114.30726,30.480019,章某某盗油被捕,未处理,12724625.98,3565402.25
362,y2upJPU,行政,,,6/8/2019 10:52:49,武汉理工大学西社区(南门),114.347837,30.524712,张某某肇事逃逸在逃,未处理,12729142.99,3571176.57
1862,未定名,行政,,,6/8/2019 10:52:50,凤凰路,114.307366,30.487764,喻某某醉酒驾驶被捕,未处理,12724637.78,3566402.71
260,u6N6fJ6,民事,,,6/8/2019 10:52:49,甜言蜜语KTV,114.325117,30.493578,范某某街头扒窃在逃,未处理,12726613.81,3567153.78
7398,未定名,行政,,,6/8/2019 10:52:52,肖博士塆,114.771947,30.955389,范某某入室抢劫在逃,未处理,12776354.7,3626956.91
6772,未定名,行政,,,6/8/2019 10:52:52,何五洲湾95号楼,114.767112,30.853168,吕某某盗窃三车被捕,未处理,12775816.47,3613694.86
345,41n78dh,行政,,,6/8/2019 10:52:49,武汉光谷青年公寓,114.398425,30.496762,陶某某飞车抢夺被捕,未处理,12734774.42,3567565.13
6298,未定名,行政,,,6/8/2019 10:52:51,程益里69号楼,114.764223,30.831974,周某某盗窃电缆、电线、U形线夹被捕,未处理,12775494.87,3610946.94
6905,未定名,行政,,,6/8/2019 10:52:52,章程塆,114.768071,30.87806,李某某盗窃保险柜被捕,未处理,12775923.22,3616923.02
7224,未定名,刑事,,,6/8/2019 10:52:52,郑上湾60号楼,114.76097,30.913043,邹某某电信诈骗审讯,未处理,12775132.74,3621461.26
4849,未定名,刑事,,,6/8/2019 10:52:51,中国建设银行24小时自助银行(武汉钢花支行),114.393168,30.621184,尤某某入室抢劫被捕,未处理,12734189.21,3583649.78
3406,未定名,刑事,,,6/8/2019 10:52:50,春天,114.401349,30.506166,沉某某醉酒驾驶在逃,未处理,12735099.92,3568780.11
4246,未定名,行政,,,6/8/2019 10:52:51,鑫华副食店,114.310652,30.499669,戚某某街头扒窃被捕,未处理,12725003.57,3567940.69
4074,未定名,刑事,,,6/8/2019 10:52:51,家佳旺零食,114.39937,30.50951,戚某某入室抢劫审讯,未处理,12734879.62,3569212.18
974,未定名,民事,,,6/8/2019 10:52:49,湖北工业大学(南湖校区)工程技术学院2号楼,114.307137,30.479271,奚某某街头诈骗审讯,未处理,12724612.28,3565305.63
2171,未定名,行政,,,6/8/2019 10:52:50,头等舱轰趴馆,114.260696,30.441701,吴某某酒后驾驶审讯,未处理,12719442.5,3560453.68
3271,未定名,行政,,,6/8/2019 10:52:50,光谷天地E区(5号门),114.411074,30.478659,华某某醉酒驾驶被捕,未处理,12736182.5,3565226.58
4573,未定名,行政,,,6/8/2019 10:52:51,爱婴游SPA生活馆(流行视窗购物广场卓豹店),114.38451,30.505738,郑某某飞车抢夺在逃,未处理,12733225.41,3568724.81
3119,未定名,行政,,,6/8/2019 10:52:50,武汉文都(广埠屯校区),114.365121,30.523258,王某某入室抢劫审讯,未处理,12731067.03,3570988.67
5093,未定名,行政,,,6/8/2019 10:52:51,嘉尔曼羊绒羊毛(中商徐东平价广场),114.344506,30.590374,秦某某网络诈骗审讯,未处理,12728772.18,3579664.9
1106,未定名,刑事,,,6/8/2019 10:52:50,二师兄(光谷街),114.404483,30.502756,郑某某街头扒窃审讯,未处理,12735448.79,3568339.53
1177,未定名,行政,,,6/8/2019 10:52:50,采花毛尖(新竹路店),114.398102,30.491389,李某某盗窃电缆、电线、U形线夹被捕,未处理,12734738.46,3566870.99
2991,未定名,民事,,,6/8/2019 10:52:50,新农美食(小何村店),114.374485,30.500259,王某某盗窃三车在逃,未处理,12732109.43,3568016.92
2523,未定名,民事,,,6/8/2019 10:52:50,红鼎汇茶社,114.304835,30.496963,卫某某入室抢劫在逃,未处理,12724356.03,3567591.09
1136,未定名,民事,,,6/8/2019 10:52:50,乐享我味面馆,114.427617,30.504788,许某某肇事逃逸审讯,未处理,12738024.06,3568602.06
4624,未定名,刑事,,,6/8/2019 10:52:51,文泉商务大厦(西北门),114.365745,30.507748,郑某某街头扒窃在逃,未处理,12731136.5,3568984.51
3861,未定名,民事,,,6/8/2019 10:52:51,武汉波仕卡科技有限公司,114.431526,30.501167,苏某某肇事逃逸被捕,未处理,12738459.21,3568134.23
2829,未定名,行政,,,6/8/2019 10:52:50,素锦(百瑞景店),114.335196,30.522534,苏某某街头扒窃审讯,未处理,12727735.8,3570895.11
305,7W54tm2,民事,,,6/8/2019 10:52:49,华仔棋牌,114.266847,30.475369,冯某某入室抢劫审讯,未处理,12720127.22,3564801.62
1315,未定名,行政,,,6/8/2019 10:52:50,熙熙外贸童装(湖北省妇幼保健院急诊东北),114.353461,30.530019,柏某某扒车盗窃审讯,未处理,12729769.05,3571862.41
945,未定名,行政,,,6/8/2019 10:52:49,紫菘花园7栋-2单元,114.393339,30.512022,华某某盗电在逃,未处理,12734208.25,3569536.75
5136,未定名,民事,,,6/8/2019 10:52:51,徐东公寓(杨园南路),114.358438,30.585498,陈某某肇事逃逸审讯,未处理,12730323.09,3579034.36
2200,未定名,行政,,,6/8/2019 10:52:50,泰然·南湖玫瑰湾二期红玫苑(北门),114.343152,30.487408,卫某某盗窃电缆、电线、U形线夹被捕,未处理,12728621.46,3566356.72
6787,未定名,行政,,,6/8/2019 10:52:52,施宋湾43号楼,114.767227,30.891264,沉某某飞车抢夺审讯,未处理,12775829.27,3618635.74
7191,未定名,民事,,,6/8/2019 10:52:52,市场里285号楼,114.798209,30.835638,张某某醉酒驾驶在逃,未处理,12779278.17,3611421.96
2418,未定名,刑事,,,6/8/2019 10:52:50,毛坦家具家电调剂市场,114.293659,30.469799,李某某肇事逃逸在逃,未处理,12723111.92,3564082.2
4581,未定名,行政,,,6/8/2019 10:52:51,尚馨新时尚工作室,114.39821,30.50709,吴某某醉酒驾驶在逃,未处理,12734750.48,3568899.49
1102,未定名,民事,,,6/8/2019 10:52:50,久吉绝味,114.40187,30.49163,奚某某醉酒驾驶被捕,未处理,12735157.91,3566902.13
3082,未定名,行政,,,6/8/2019 10:52:50,保利·华都19栋,114.382622,30.50931,李某某街头扒窃审讯,未处理,12733015.24,3569186.33
2166,未定名,刑事,,,6/8/2019 10:52:50,小郑农资,114.267699,30.466146,李某某盗油审讯,未处理,12720222.07,3563610.4
5061,未定名,行政,,,6/8/2019 10:52:51,老陕面道(铁机路店),114.355853,30.601976,魏某某肇事逃逸在逃,未处理,12730035.33,3581165.32
7294,未定名,民事,,,6/8/2019 10:52:52,中国移动坤渝通讯,114.757384,30.925201,许某某飞车抢夺审讯,未处理,12774733.55,3623038.88
1513,未定名,民事,,,6/8/2019 10:52:50,纽宾凯鲁广国际酒店(北门),114.39835,30.501186,秦某某街头扒窃审讯,未处理,12734766.07,3568136.68
7796,未定名,行政,,,6/8/2019 10:52:52,南浦里273号楼,114.805424,30.839756,彭某某盗窃电缆、电线、U形线夹被捕,未处理,12780081.34,3611955.85
5473,未定名,民事,,,6/8/2019 10:52:51,武汉六零六建筑装饰设计有限公司,114.36961,30.584711,孙某某肇事逃逸被捕,未处理,12731566.75,3578932.6
4828,未定名,行政,,,6/8/2019 10:52:51,武昌区杨园街电信社区服务站,114.346727,30.595351,褚某某入室抢劫审讯,未处理,12729019.42,3580308.52
1667,未定名,民事,,,6/8/2019 10:52:50,北京帝豪文化传播有限公司武汉分公司,114.397977,30.500673,彭某某盗窃保险柜审讯,未处理,12734724.55,3568070.41
7812,未定名,行政,,,6/8/2019 10:52:52,南浦里246号楼,114.806564,30.839912,张某某网络诈骗审讯,未处理,12780208.24,3611976.08
6311,未定名,行政,,,6/8/2019 10:52:51,黄畈上湾66号楼,114.749967,30.843333,金某某肇事逃逸在逃,未处理,12773907.9,3612419.62
2561,未定名,行政,,,6/8/2019 10:52:50,龙兴板材,114.321022,30.500791,孙某某街头扒窃被捕,未处理,12726157.96,3568085.65
3275,未定名,刑事,,,6/8/2019 10:52:50,好知味(湖职018号加盟店),114.404705,30.471118,尤某某网络诈骗被捕,未处理,12735473.51,3564252.56
2970,未定名,民事,,,6/8/2019 10:52:50,方家嘴新村106号楼,114.363246,30.502779,吴某某飞车抢夺被捕,未处理,12730858.31,3568342.5
2526,未定名,行政,,,6/8/2019 10:52:50,军威苑6栋,114.313087,30.494201,杨某某飞车抢夺在逃,未处理,12725274.64,3567234.27
5386,未定名,行政,,,6/8/2019 10:52:51,新乐广告,114.375603,30.606996,云某某电信诈骗审讯,未处理,12732233.89,3581814.58
7205,未定名,行政,,,6/8/2019 10:52:52,按基山9号楼,114.762164,30.930152,周某某醉酒驾驶被捕,未处理,12775265.66,3623681.37
887,未定名,民事,,,6/8/2019 10:52:49,华中农业大学-胜赢驾校,114.356555,30.474734,沉某某扒车盗窃被捕,未处理,12730113.47,3564719.6
7870,未定名,行政,,,6/8/2019 10:52:52,新洲区旧街街程河村(计生服务与药具发放点),114.904652,30.830252,戚某某肇事逃逸审讯,未处理,12791127.35,3610723.7
7395,未定名,民事,,,6/8/2019 10:52:52,中共新洲区三店街李旻村支部委员会,114.788213,30.941222,水某某盗窃电缆、电线、U形线夹审讯,未处理,12778165.42,3625118.05
2692,未定名,行政,,,6/8/2019 10:52:50,金地格林小镇G栋,114.331846,30.501159,秦某某盗窃电缆、电线、U形线夹在逃,未处理,12727362.88,3568133.2
6739,未定名,行政,,,6/8/2019 10:52:52,江大小塆17号楼,114.774288,30.856344,云某某虚假诉讼被捕,未处理,12776615.3,3614106.7
1212,未定名,刑事,,,6/8/2019 10:52:50,apple韩国医美&半永久高端定制中心,114.40783,30.504,华某某盗窃三车审讯,未处理,12735821.38,3568500.25
6083,未定名,刑事,,,6/8/2019 10:52:51,肖长咀39号楼,114.738137,30.755527,葛某某扒车盗窃在逃,未处理,12772590.99,3601040.21
5685,未定名,民事,,,6/8/2019 10:52:51,常青麦香园(板桥大道),114.363998,30.870626,赵某某入室抢劫审讯,未处理,12730942.02,3615958.84
3316,未定名,民事,,,6/8/2019 10:52:50,汽标社区1栋,114.41045,30.494164,王某某盗油在逃,未处理,12736113.04,3567229.49
6553,未定名,行政,,,6/8/2019 10:52:52,何五洲湾99号楼,114.767283,30.853251,华某某醉酒驾驶审讯,未处理,12775835.5,3613705.62
7408,未定名,行政,,,6/8/2019 10:52:52,李华湾23号楼,114.780843,30.908428,钱某某肇事逃逸被捕,未处理,12777345,3620862.48
6387,未定名,行政,,,6/8/2019 10:52:51,陈中湾35号楼,114.771079,30.858114,吴某某盗窃三车审讯,未处理,12776258.07,3614336.22
6919,未定名,行政,,,6/8/2019 10:52:52,张文里23号楼,114.766784,30.893252,郑某某街头扒窃被捕,未处理,12775779.95,3618893.63
7529,未定名,行政,,,6/8/2019 10:52:52,施中湾66号楼,114.767285,30.886619,曹某某虚假诉讼在逃,未处理,12775835.73,3618033.2
5088,未定名,行政,,,6/8/2019 10:52:51,金锣冷鲜肉专卖店(百胜·青城壹品东),114.384159,30.613024,杨某某网络诈骗被捕,未处理,12733186.33,3582594.26
7180,未定名,民事,,,6/8/2019 10:52:52,柳子港218号楼,114.771059,30.92513,章某某虚假诉讼审讯,未处理,12776255.85,3623029.66
2508,未定名,刑事,,,6/8/2019 10:52:50,泰然南湖玫瑰湾8号停车场,114.343725,30.487634,施某某肇事逃逸被捕,未处理,12728685.24,3566385.91
2914,未定名,行政,,,6/8/2019 10:52:50,湖北征和律师事务所,114.356805,30.533003,李某某肇事逃逸审讯,未处理,12730141.3,3572248.05
1744,未定名,民事,,,6/8/2019 10:52:50,广埠屯地铁站G口,114.365688,30.521883,周某某盗窃保险柜审讯,未处理,12731130.15,3570810.98
5758,未定名,民事,,,6/8/2019 10:52:51,鸿发纺织,114.239145,30.727331,陶某某盗窃电缆、电线、U形线夹被捕,未处理,12717043.45,3597388.28
481,未定名,行政,,,6/8/2019 10:52:49,中国光谷地下停车场3号(入口),114.500515,30.492263,吴某某盗窃保险柜被捕,未处理,12746139.03,3566983.9
4621,未定名,民事,,,6/8/2019 10:52:51,秀化妆造型,114.400245,30.480218,郑某某盗窃（破坏）电力电信设施审讯,未处理,12734977.02,3565427.95
7856,未定名,行政,,,6/8/2019 10:52:52,北星岗,114.986778,30.838644,郎某某肇事逃逸审讯,未处理,12800269.57,3611811.68
1772,未定名,行政,,,6/8/2019 10:52:50,湖北省肿瘤医院停车场,114.36408,30.500742,郑某某街头扒窃被捕,未处理,12730951.15,3568079.32
1848,未定名,民事,,,6/8/2019 10:52:50,武汉铭静阁装饰设计工程有限公司,114.278118,30.474029,蒋某某电信诈骗被捕,未处理,12721381.9,3564628.54
1289,未定名,民事,,,6/8/2019 10:52:50,主流(光谷步行街),114.402134,30.504443,李某某醉酒驾驶审讯,未处理,12735187.3,3568557.49
7243,未定名,刑事,,,6/8/2019 10:52:52,柳子港175号楼,114.771086,30.925384,吴某某醉酒驾驶被捕,未处理,12776258.85,3623062.62
4069,未定名,民事,,,6/8/2019 10:52:51,乡村绿色食品,114.405026,30.525275,彭某某扒车盗窃被捕,未处理,12735509.24,3571249.32
4129,未定名,刑事,,,6/8/2019 10:52:51,海庭·龙安酒店-红酒屋,114.39909,30.502491,潘某某盗油被捕,未处理,12734848.45,3568305.29
2928,未定名,民事,,,6/8/2019 10:52:50,武汉华盟教育咨询有限公司,114.355621,30.53352,王某某醉酒驾驶在逃,未处理,12730009.5,3572314.87
5050,未定名,行政,,,6/8/2019 10:52:51,武汉东兴旺汽车销售服务有限公司,114.389947,30.59996,孙某某肇事逃逸审讯,未处理,12733830.65,3580904.59
6203,未定名,刑事,,,6/8/2019 10:52:51,易窑下湾69号楼,114.776351,30.781607,赵某某飞车抢夺审讯,未处理,12776844.95,3604419.02
5976,未定名,刑事,,,6/8/2019 10:52:51,远杨木线雕花定做,114.248474,30.542181,孙某某扒车盗窃在逃,未处理,12718081.95,3573434.28
4052,未定名,民事,,,6/8/2019 10:52:51,麦香坊(光谷德国风情街店),114.40872,30.50113,葛某某盗油审讯,未处理,12735920.45,3568129.45
6251,未定名,行政,,,6/8/2019 10:52:51,魏潮泥塆59号楼,114.741732,30.815692,郑某某盗油被捕,未处理,12772991.18,3608836.3
1403,未定名,行政,,,6/8/2019 10:52:50,Alice定制馆,114.368627,30.501163,曹某某肇事逃逸在逃,未处理,12731457.32,3568133.71
7885,未定名,行政,,,6/8/2019 10:52:52,廖师傅缝纫店,114.804355,30.84955,尤某某肇事逃逸在逃,未处理,12779962.34,3613225.72
7397,未定名,刑事,,,6/8/2019 10:52:52,李华塆,114.780585,30.907147,彭某某肇事逃逸在逃,未处理,12777316.28,3620696.28
2686,未定名,刑事,,,6/8/2019 10:52:50,大华·南湖·公园世家3期-2号车库,114.327084,30.495655,杨某某醉酒驾驶审讯,未处理,12726832.77,3567422.11
7831,未定名,民事,,,6/8/2019 10:52:52,南浦里200号楼,114.807201,30.840343,赵某某醉酒驾驶在逃,未处理,12780279.15,3612031.96
6249,未定名,民事,,,6/8/2019 10:52:51,李雕匠湾32号楼,114.777906,30.824781,褚某某入室盗窃在逃,未处理,12777018.05,3610014.47
3529,未定名,民事,,,6/8/2019 10:52:50,小徐电氧焊钣金油漆,114.472104,30.511467,陶某某电信诈骗审讯,未处理,12742976.33,3569465.04
758,未定名,刑事,,,6/8/2019 10:52:49,关西口腔门诊部,114.387587,30.499538,吕某某盗窃三车审讯,未处理,12733567.94,3567923.77
571,未定名,行政,,,6/8/2019 10:52:49,万晖便民洗车机,114.393256,30.51246,彭某某盗窃电缆、电线、U形线夹审讯,未处理,12734199.01,3569593.35
7567,未定名,刑事,,,6/8/2019 10:52:52,柳子港244号楼,114.772451,30.92447,施某某电信诈骗审讯,未处理,12776410.8,3622944.02
1347,未定名,刑事,,,6/8/2019 10:52:50,房天下(华乐苑店),114.390888,30.508749,金某某盗电被捕,未处理,12733935.4,3569113.85
7887,未定名,行政,,,6/8/2019 10:52:52,乡巴佬卤制食品冷冻食品,114.806835,30.844202,窦某某虚假诉讼审讯,未处理,12780238.41,3612532.29
5636,未定名,民事,,,6/8/2019 10:52:51,天宏果园,114.357578,30.580064,曹某某肇事逃逸审讯,未处理,12730227.35,3578331.71
27,Z751Rxw,刑事,,,6/8/2019 10:52:49,重庆粉面馆,114.41548,30.535972,卫某某街头扒窃在逃,未处理,12736672.97,3572631.77
6871,未定名,民事,,,6/8/2019 10:52:52,张文里167号楼,114.767167,30.89168,潘某某虚假诉讼被捕,未处理,12775822.59,3618689.71
3433,未定名,行政,,,6/8/2019 10:52:50,气象局小区-西停车场,114.392228,30.512427,李某某肇事逃逸被捕,未处理,12734084.57,3569589.08
5866,未定名,刑事,,,6/8/2019 10:52:51,罗莎蛋糕(锦绣长江店),114.272947,30.539947,卫某某肇事逃逸审讯,未处理,12720806.27,3573145.53
7557,未定名,行政,,,6/8/2019 10:52:52,杨家岗88号楼,114.75907,30.921117,喻某某醉酒驾驶被捕,未处理,12774921.24,3622508.92
7425,未定名,刑事,,,6/8/2019 10:52:52,对面湾2号楼,114.75452,30.924127,吴某某肇事逃逸审讯,未处理,12774414.73,3622899.51
3153,未定名,行政,,,6/8/2019 10:52:50,湖北域外企业管理有限公司,114.390114,30.5048,杨某某醉酒驾驶被捕,未处理,12733849.24,3568603.62
6467,未定名,民事,,,6/8/2019 10:52:51,细何湾13号楼,114.769131,30.849688,冯某某网络诈骗在逃,未处理,12776041.22,3613243.62
7659,未定名,刑事,,,6/8/2019 10:52:52,新洲区金地农资,114.808311,30.828834,褚某某肇事逃逸审讯,未处理,12780402.72,3610539.87
5788,未定名,行政,,,6/8/2019 10:52:51,河口村中林塆7号楼,114.647547,30.791905,吴某某肇事逃逸在逃,未处理,12762506.55,3605753.43
2041,未定名,行政,,,6/8/2019 10:52:50,专家诊室11,114.46358,30.487302,彭某某肇事逃逸被捕,未处理,12742027.44,3566343.03
3015,未定名,民事,,,6/8/2019 10:52:50,Today今天便利店(领秀城店),114.37558,30.507117,蒋某某虚假诉讼审讯,未处理,12732231.32,3568902.98
5892,未定名,刑事,,,6/8/2019 10:52:51,港星教育书店,114.400857,30.62376,钱某某入室抢劫被捕,未处理,12735045.15,3583983.01
2297,未定名,刑事,,,6/8/2019 10:52:50,南国都市1栋,114.280738,30.478713,孙某某电信诈骗被捕,未处理,12721673.56,3565233.55
7330,未定名,行政,,,6/8/2019 10:52:52,市场里10号楼,114.756819,30.92586,卫某某入室抢劫审讯,未处理,12774670.66,3623124.39
2825,未定名,刑事,,,6/8/2019 10:52:50,么么鲜花房,114.32615,30.513978,褚某某盗窃保险柜审讯,未处理,12726728.8,3569789.5
5099,未定名,刑事,,,6/8/2019 10:52:51,福安平价副食,114.377361,30.607835,赵某某肇事逃逸在逃,未处理,12732429.58,3581923.1
5781,未定名,行政,,,6/8/2019 10:52:51,武汉生物工程学院文化素质教育中心,114.527415,30.714469,张某某入室盗窃在逃,未处理,12749133.52,3595722.76
3865,未定名,行政,,,6/8/2019 10:52:51,禅语·自然养生会所(建安街),114.324707,30.504449,周某某盗窃（破坏）电力电信设施审讯,未处理,12726568.17,3568558.26
4949,未定名,行政,,,6/8/2019 10:52:51,百居易房屋超市(沙湖路),114.353811,30.580597,吴某某肇事逃逸在逃,未处理,12729808.01,3578400.63
7678,未定名,刑事,,,6/8/2019 10:52:52,蔡濠里110号楼,114.803212,30.849818,沉某某飞车抢夺被捕,未处理,12779835.1,3613260.47
1849,未定名,行政,,,6/8/2019 10:52:50,北京元洲装饰集团武汉公司(南望山路),114.392326,30.511644,孙某某盗窃（破坏）电力电信设施审讯,未处理,12734095.48,3569487.91
4293,未定名,民事,,,6/8/2019 10:52:51,金御景住宿(西南门),114.37451,30.500276,秦某某肇事逃逸审讯,未处理,12732112.21,3568019.11
614,未定名,民事,,,6/8/2019 10:52:49,玫瑰园鲜花店(南湖大道),114.396283,30.480257,吕某某虚假诉讼审讯,未处理,12734535.97,3565432.99
2359,未定名,刑事,,,6/8/2019 10:52:50,兴发果品商行,114.288275,30.485145,潘某某醉酒驾驶被捕,未处理,12722512.58,3566064.39
4051,未定名,行政,,,6/8/2019 10:52:51,寻味茶餐厅,114.400286,30.490751,周某某街头扒窃被捕,未处理,12734981.58,3566788.57
7359,未定名,民事,,,6/8/2019 10:52:52,市场里32号楼,114.755473,30.926184,吴某某盗窃保险柜审讯,未处理,12774520.82,3623166.44
3267,未定名,民事,,,6/8/2019 10:52:50,数元网络,114.405472,30.475426,何某某入室抢劫被捕,未处理,12735558.89,3564808.98
235,Ww788RQ,民事,,,6/8/2019 10:52:49,爱尚造型(下钱村店),114.399955,30.498874,钱某某盗窃电缆、电线、U形线夹审讯,未处理,12734944.74,3567837.98
2266,未定名,行政,,,6/8/2019 10:52:50,青菱桥210号楼,114.269148,30.460949,周某某盗窃三车审讯,未处理,12720383.37,3562939.22
3191,未定名,刑事,,,6/8/2019 10:52:50,品妍SPA美丽空间,114.356741,30.5332,李某某街头诈骗在逃,未处理,12730134.18,3572273.51
3525,未定名,行政,,,6/8/2019 10:52:50,广州豪建装饰设计工程有限公司武汉分公司,114.389663,30.512096,沉某某盗油审讯,未处理,12733799.04,3569546.31
4180,未定名,行政,,,6/8/2019 10:52:51,乐狗宠物生活馆,114.392049,30.493923,韩某某电信诈骗被捕,未处理,12734064.65,3567198.35
2534,未定名,刑事,,,6/8/2019 10:52:50,数码彩漆油家居效果体验馆,114.299952,30.504011,喻某某盗窃（破坏）电力电信设施在逃,未处理,12723812.45,3568501.67
5320,未定名,民事,,,6/8/2019 10:52:51,冶建花园15幢,114.375568,30.612957,施某某街头诈骗被捕,未处理,12732229.99,3582585.6
3063,未定名,刑事,,,6/8/2019 10:52:50,顺徕德·仙庙烧鸡(武汉旗舰店),114.32646,30.482033,华某某醉酒驾驶在逃,未处理,12726763.31,3565662.4
5410,未定名,行政,,,6/8/2019 10:52:51,钢都欧式花园7幢,114.368574,30.606399,褚某某盗窃电缆、电线、U形线夹在逃,未处理,12731451.42,3581737.37
1078,未定名,民事,,,6/8/2019 10:52:50,车间检修,114.303968,30.465484,葛某某醉酒驾驶在逃,未处理,12724259.51,3563524.9
6356,未定名,行政,,,6/8/2019 10:52:51,沈旗杆湾105号楼,114.723311,30.810401,沉某某盗窃（破坏）电力电信设施被捕,未处理,12770940.56,3608150.51
6556,未定名,行政,,,6/8/2019 10:52:52,何五洲湾106号楼,114.768318,30.852447,赵某某街头扒窃审讯,未处理,12775950.72,3613601.37
5511,未定名,刑事,,,6/8/2019 10:52:51,麻辣快乐营(销品茂店),114.34351,30.589061,水某某盗窃三车在逃,未处理,12728661.31,3579495.1
2051,未定名,民事,,,6/8/2019 10:52:50,公共厕所,114.583737,30.512599,尤某某盗窃（破坏）电力电信设施在逃,未处理,12755403.26,3569611.31
541,未定名,行政,,,6/8/2019 10:52:49,文化大道(星光大道)出口(珞狮南路西南向),114.328741,30.459952,章某某扒车盗窃审讯,未处理,12727017.23,3562810.46
2103,未定名,民事,,,6/8/2019 10:52:50,竹苑小区东区(西门),114.34517,30.525087,王某某肇事逃逸在逃,未处理,12728846.1,3571225.03
5571,未定名,民事,,,6/8/2019 10:52:51,广健中医按摩馆,114.350082,30.589524,秦某某扒车盗窃在逃,未处理,12729392.9,3579554.98
1218,未定名,民事,,,6/8/2019 10:52:50,湖北教育超市(华农大荟五店),114.364249,30.472669,严某某盗窃三车在逃,未处理,12730969.96,3564452.88
1173,未定名,刑事,,,6/8/2019 10:52:50,万达冰冻食品(青菱街店),114.258224,30.437265,喻某某酒后驾驶在逃,未处理,12719167.31,3559880.92
2247,未定名,行政,,,6/8/2019 10:52:50,华联飞鸟集,114.265725,30.449746,韩某某醉酒驾驶被捕,未处理,12720002.32,3561492.49
2229,未定名,刑事,,,6/8/2019 10:52:50,渔业村新港123号楼,114.283656,30.462341,尤某某扒车盗窃被捕,未处理,12721998.39,3563118.99
5045,未定名,民事,,,6/8/2019 10:52:51,供电宿舍88号(南门),114.395074,30.621406,陈某某网络诈骗审讯,未处理,12734401.39,3583678.5
6250,未定名,行政,,,6/8/2019 10:52:51,靖夹洲,114.76363,30.814208,何某某飞车抢夺被捕,未处理,12775428.85,3608643.95
6050,未定名,刑事,,,6/8/2019 10:52:51,北京雨昕阳光太阳能(木兰湖专卖店),114.466059,31.097393,朱某某街头扒窃在逃,未处理,12742303.4,3645403.95
402,5Ldeyxo,行政,,,6/8/2019 10:52:49,湖北出版文化城,114.343331,30.509692,尤某某街头诈骗审讯,未处理,12728641.38,3569235.69
1492,未定名,刑事,,,6/8/2019 10:52:50,凯莱主题酒店(拉德芳斯华科武昌分校店),114.313484,30.488777,褚某某入室抢劫在逃,未处理,12725318.83,3566533.57
7614,未定名,行政,,,6/8/2019 10:52:52,柳子港163号楼,114.770629,30.925281,曹某某扒车盗窃被捕,未处理,12776207.98,3623049.26
7525,未定名,行政,,,6/8/2019 10:52:52,王帮君湾24号楼,114.784358,30.901734,王某某飞车抢夺被捕,未处理,12777736.28,3619994
3900,未定名,民事,,,6/8/2019 10:52:51,大骨汤麻辣烫,114.378929,30.504235,李某某醉酒驾驶审讯,未处理,12732604.13,3568530.62
4119,未定名,行政,,,6/8/2019 10:52:51,重庆川味庄记火锅,114.385569,30.502236,郑某某电信诈骗审讯,未处理,12733343.3,3568272.34
3252,未定名,行政,,,6/8/2019 10:52:50,清江山水23栋,114.401186,30.473135,朱某某肇事逃逸审讯,未处理,12735081.77,3564513.07
2787,未定名,行政,,,6/8/2019 10:52:50,水果粮油店,114.355542,30.523859,秦某某盗窃（破坏）电力电信设施审讯,未处理,12730000.7,3571066.33
5746,未定名,民事,,,6/8/2019 10:52:51,伟强小吃,114.292899,30.798134,孔某某肇事逃逸审讯,未处理,12723027.32,3606560.66
989,未定名,行政,,,6/8/2019 10:52:49,窝牛创意大厦(东北门),114.330725,30.489888,陶某某盗窃保险柜审讯,未处理,12727238.09,3566677.09
5657,未定名,民事,,,6/8/2019 10:52:51,万士特卖场,114.342606,30.593424,王某某街头扒窃在逃,未处理,12728560.68,3580059.32
1872,未定名,行政,,,6/8/2019 10:52:50,第七〇九研究所社区24栋-3单元,114.391118,30.507253,吴某某肇事逃逸审讯,未处理,12733961.01,3568920.55
3568,未定名,行政,,,6/8/2019 10:52:50,乐客便利店(熊楚一号店),114.389269,30.494961,冯某某肇事逃逸被捕,未处理,12733755.18,3567332.45
4299,未定名,行政,,,6/8/2019 10:52:51,NEXY.CO(武商亚贸广场),114.342809,30.529375,王某某肇事逃逸在逃,未处理,12728583.27,3571779.18
5661,未定名,刑事,,,6/8/2019 10:52:51,康丽源服饰,114.239284,30.734348,孙某某盗油被捕,未处理,12717058.92,3598297.02
5782,未定名,行政,,,6/8/2019 10:52:51,武汉市黄陂区公房管理所,114.371386,30.867093,杨某某网络诈骗被捕,未处理,12731764.45,3615500.64
6266,未定名,行政,,,6/8/2019 10:52:51,黄畈村黄畈上塆29号楼,114.75064,30.84242,蒋某某飞车抢夺在逃,未处理,12773982.81,3612301.25
7680,未定名,行政,,,6/8/2019 10:52:52,蔡濠里109号楼,114.803315,30.849815,许某某盗电审讯,未处理,12779846.57,3613260.08
4913,未定名,行政,,,6/8/2019 10:52:51,园林路道路施工指挥部,114.372885,30.593532,郑某某盗油在逃,未处理,12731931.32,3580073.28
3787,未定名,行政,,,6/8/2019 10:52:51,青桐减肥美容养生馆(光谷天地店),114.410092,30.475253,李某某盗窃电缆、电线、U形线夹审讯,未处理,12736073.18,3564786.64
5595,未定名,刑事,,,6/8/2019 10:52:51,湖北万佳福酒业,114.34776,30.588641,范某某肇事逃逸被捕,未处理,12729134.42,3579440.79
1806,未定名,刑事,,,6/8/2019 10:52:50,威盛投资管理,114.391476,30.498822,朱某某酒后驾驶在逃,未处理,12734000.86,3567831.26
4486,未定名,行政,,,6/8/2019 10:52:51,武汉市力诺人才资讯公司,114.39946,30.511997,冯某某醉酒驾驶被捕,未处理,12734889.63,3569533.52
6052,未定名,行政,,,6/8/2019 10:52:51,专业配锁,114.207334,31.072108,蒋某某盗窃保险柜在逃,未处理,12713502.27,3642117.29
6811,未定名,行政,,,6/8/2019 10:52:52,张文里186号楼,114.766564,30.89113,尤某某肇事逃逸在逃,未处理,12775755.46,3618618.36
1873,未定名,民事,,,6/8/2019 10:52:50,东都陈,114.459594,30.520004,许某某入室盗窃审讯,未处理,12741583.72,3570568.17
7080,未定名,刑事,,,6/8/2019 10:52:52,吴游山湾10号楼,114.785645,30.89457,喻某某盗窃保险柜审讯,未处理,12777879.55,3619064.61
5313,未定名,民事,,,6/8/2019 10:52:51,金鹤园小区3号楼,114.380481,30.611594,许某某入室盗窃被捕,未处理,12732776.9,3582409.3
30,4kJ1hL9,民事,,,6/8/2019 10:52:49,湘味菜馆(鲁磨路店),114.399658,30.512621,何某某醉酒驾驶审讯,未处理,12734911.68,3569614.15
1997,未定名,行政,,,6/8/2019 10:52:50,湖北省民政厅(西门),114.366829,30.508389,喻某某盗窃保险柜在逃,未处理,12731257.17,3569067.33
7644,未定名,行政,,,6/8/2019 10:52:52,施大湾48号楼,114.796236,30.903616,李某某街头扒窃被捕,未处理,12779058.54,3620238.16
4402,未定名,行政,,,6/8/2019 10:52:51,武汉市洪山区六安恒界机电五金经营部,114.295478,30.500649,戚某某盗窃（破坏）电力电信设施被捕,未处理,12723314.41,3568067.31
3710,未定名,行政,,,6/8/2019 10:52:51,惠民副食店,114.327113,30.486033,秦某某肇事逃逸审讯,未处理,12726836,3566179.1
7269,未定名,刑事,,,6/8/2019 10:52:52,柳子港67号楼,114.770941,30.927937,孙某某醉酒驾驶审讯,未处理,12776242.71,3623393.92
6389,未定名,行政,,,6/8/2019 10:52:51,陈中湾57号楼,114.771417,30.857184,潘某某酒后驾驶被捕,未处理,12776295.7,3614215.62
630,未定名,民事,,,6/8/2019 10:52:49,巧巧鲜花(曙光商贸城),114.395986,30.481555,吴某某肇事逃逸被捕,未处理,12734502.91,3565600.65
6093,未定名,行政,,,6/8/2019 10:52:51,罗家湾65号楼,114.740235,30.852931,华某某入室抢劫在逃,未处理,12772824.53,3613664.13
5509,未定名,民事,,,6/8/2019 10:52:51,HI VIVINIKO,114.343659,30.58894,戚某某入室盗窃在逃,未处理,12728677.9,3579479.46
779,未定名,行政,,,6/8/2019 10:52:49,周林频谱(珞狮路),114.350056,30.518075,葛某某盗窃三车审讯,未处理,12729390.01,3570318.9
2583,未定名,行政,,,6/8/2019 10:52:50,甲康生灰指甲(南湖店),114.325525,30.512706,曹某某入室盗窃审讯,未处理,12726659.23,3569625.13
2785,未定名,行政,,,6/8/2019 10:52:50,北港佳和云居8号楼,114.32321,30.50787,窦某某肇事逃逸在逃,未处理,12726401.52,3569000.27
320,KS8EOvf,行政,,,6/8/2019 10:52:49,武汉广州军区武汉总医院-肿瘤治疗中心,114.344618,30.530229,沉某某醉酒驾驶被捕,未处理,12728784.65,3571889.55
2324,未定名,民事,,,6/8/2019 10:52:50,张亮麻辣烫,114.374363,30.528788,郑某某街头扒窃在逃,未处理,12732095.85,3571703.32
1330,未定名,行政,,,6/8/2019 10:52:50,新蕾电动车(卓刀泉专卖店),114.366614,30.520435,孔某某醉酒驾驶审讯,未处理,12731233.23,3570623.86
7486,未定名,行政,,,6/8/2019 10:52:52,邹家湾16号楼,114.757714,30.917246,周某某盗窃三车在逃,未处理,12774770.29,3622006.62
2517,未定名,刑事,,,6/8/2019 10:52:50,武汉凯丽金生物科技有限公司,114.310049,30.485677,赵某某盗窃电缆、电线、U形线夹被捕,未处理,12724936.45,3566133.11
827,未定名,行政,,,6/8/2019 10:52:49,卓刀泉所五环社区警务室,114.380759,30.50819,卫某某盗窃三车审讯,未处理,12732807.85,3569041.62
3594,未定名,行政,,,6/8/2019 10:52:50,花城花园竹园14栋,114.518372,30.521017,云某某盗窃保险柜被捕,未处理,12748126.86,3570699.07
3112,未定名,民事,,,6/8/2019 10:52:50,数码公司,114.366014,30.528942,冯某某街头扒窃在逃,未处理,12731166.44,3571723.22
4518,未定名,行政,,,6/8/2019 10:52:51,博世达游乐设备有限公司,114.346094,30.52829,陈某某醉酒驾驶审讯,未处理,12728948.96,3571638.96
5716,未定名,行政,,,6/8/2019 10:52:51,普安寨,114.530504,30.887852,冯某某入室抢劫审讯,未处理,12749477.39,3618193.14
196,FKtI9jT,行政,,,6/8/2019 10:52:49,凡点(珞珈山路),114.352328,30.529371,彭某某肇事逃逸在逃,未处理,12729642.92,3571778.66
540,未定名,民事,,,6/8/2019 10:52:49,卓刀泉立交,114.368969,30.517829,潘某某虚假诉讼被捕,未处理,12731495.39,3570287.11
7158,未定名,行政,,,6/8/2019 10:52:52,李华湾50号楼,114.780473,30.907772,施某某飞车抢夺被捕,未处理,12777303.81,3620777.37
7606,未定名,行政,,,6/8/2019 10:52:52,三屋下湾39号楼,114.757626,30.964802,褚某某盗窃（破坏）电力电信设施审讯,未处理,12774760.49,3628178.86
3068,未定名,民事,,,6/8/2019 10:52:50,明泽亲子园(北门),114.319096,30.481043,尤某某入室盗窃在逃,未处理,12725943.55,3565534.52
7713,未定名,刑事,,,6/8/2019 10:52:52,黄茂里199号楼,114.800197,30.838034,韩某某肇事逃逸审讯,未处理,12779499.47,3611732.59
4255,未定名,刑事,,,6/8/2019 10:52:51,鹏迪门业,114.300938,30.501888,陈某某街头诈骗在逃,未处理,12723922.22,3568227.38
2926,未定名,民事,,,6/8/2019 10:52:50,富友收件宝,114.364604,30.526901,朱某某入室盗窃在逃,未处理,12731009.48,3571459.45
2634,未定名,行政,,,6/8/2019 10:52:50,华中农业大学-景园楼,114.35966,30.476536,赵某某网络诈骗在逃,未处理,12730459.12,3564952.35
7423,未定名,民事,,,6/8/2019 10:52:52,永禄中堂专卖店,114.754375,30.9229,尤某某盗窃保险柜审讯,未处理,12774398.59,3622740.28
2372,未定名,民事,,,6/8/2019 10:52:50,和顺装饰,114.292841,30.488404,沉某某盗窃电缆、电线、U形线夹被捕,未处理,12723020.86,3566485.38
6733,未定名,行政,,,6/8/2019 10:52:52,陈中湾6号楼,114.771043,30.857616,杨某某街头扒窃在逃,未处理,12776254.06,3614271.64
2893,未定名,行政,,,6/8/2019 10:52:50,珞珈山小学(东南门),114.343348,30.52846,华某某电信诈骗审讯,未处理,12728643.28,3571660.93
4906,未定名,行政,,,6/8/2019 10:52:51,无限极(团结大道),114.357385,30.588849,钱某某肇事逃逸在逃,未处理,12730205.87,3579467.69
5878,未定名,民事,,,6/8/2019 10:52:51,国美电器(武汉钟家村汉商店),114.267539,30.549262,尤某某肇事逃逸审讯,未处理,12720204.26,3574349.55
2882,未定名,民事,,,6/8/2019 10:52:50,阿伟造型,114.325468,30.512475,郑某某肇事逃逸在逃,未处理,12726652.88,3569595.29
5454,未定名,刑事,,,6/8/2019 10:52:51,湖北省送变电工程公司(西南门),114.347256,30.596981,赵某某街头诈骗审讯,未处理,12729078.31,3580519.32
5678,未定名,刑事,,,6/8/2019 10:52:51,武汉盛世瑞丰汽车零部件有限公司,114.286108,30.793351,云某某盗窃电缆、电线、U形线夹在逃,未处理,12722271.35,3605940.82
3982,未定名,刑事,,,6/8/2019 10:52:51,紫松活动中心,114.402542,30.495405,许某某飞车抢夺被捕,未处理,12735232.72,3567389.81
1596,未定名,民事,,,6/8/2019 10:52:50,湖北开放职业学院女生公寓(西门),114.397613,30.499253,冯某某飞车抢夺审讯,未处理,12734684.03,3567886.95
2609,未定名,民事,,,6/8/2019 10:52:50,武汉华中大禹科技有限责任公司,114.371699,30.527643,潘某某虚假诉讼被捕,未处理,12731799.29,3571555.34
6841,未定名,行政,,,6/8/2019 10:52:52,施中湾37号楼,114.766266,30.886587,何某某电信诈骗审讯,未处理,12775722.29,3618029.05
734,未定名,民事,,,6/8/2019 10:52:49,可可摄影工作室,114.35048,30.475261,王某某盗窃（破坏）电力电信设施审讯,未处理,12729437.21,3564787.67
434,ceE32qO,行政,,,6/8/2019 10:52:49,湖北青年职业学院(东南门),114.370747,30.506132,严某某虚假诉讼审讯,未处理,12731693.32,3568775.71
5262,未定名,行政,,,6/8/2019 10:52:51,欧洲花园停车场(入口),114.349008,30.590159,魏某某街头扒窃在逃,未处理,12729273.34,3579637.09
2210,未定名,行政,,,6/8/2019 10:52:50,东瑞华中汽车城(西门),114.256616,30.425027,郑某某入室盗窃审讯,未处理,12718988.31,3558300.93
5913,未定名,行政,,,6/8/2019 10:52:51,武汉科技大学城市学院网球场,114.428498,30.584535,张某某肇事逃逸被捕,未处理,12738122.13,3578909.84
6156,未定名,行政,,,6/8/2019 10:52:51,径家湾12号楼,114.755727,30.730388,钱某某街头诈骗被捕,未处理,12774549.1,3597784.17
2261,未定名,行政,,,6/8/2019 10:52:50,渔业村青菱桥68号楼,114.26904,30.460808,杨某某肇事逃逸在逃,未处理,12720371.35,3562921.01
4665,未定名,刑事,,,6/8/2019 10:52:51,武昌首义学院-泽傲教育,114.305989,30.49116,曹某某酒后驾驶在逃,未处理,12724484.49,3566841.41
3891,未定名,行政,,,6/8/2019 10:52:51,大圣烧烤(福地新城店),114.344755,30.506698,李某某醉酒驾驶在逃,未处理,12728799.9,3568848.84
1363,未定名,刑事,,,6/8/2019 10:52:50,菲雅美容SPA汗蒸馆,114.365856,30.526711,严某某肇事逃逸审讯,未处理,12731148.85,3571434.9
7024,未定名,民事,,,6/8/2019 10:52:52,夏梅湾12号楼,114.738857,30.893234,杨某某酒后驾驶在逃,未处理,12772671.14,3618891.29
7598,未定名,民事,,,6/8/2019 10:52:52,三屋下湾66号楼,114.75935,30.966207,孙某某肇事逃逸在逃,未处理,12774952.41,3628361.26
6769,未定名,行政,,,6/8/2019 10:52:52,何五洲湾90号楼,114.767334,30.852956,陈某某盗窃三车审讯,未处理,12775841.18,3613667.37
5185,未定名,行政,,,6/8/2019 10:52:51,秋林建材经营部,114.35684,30.599172,华某某电信诈骗被捕,未处理,12730145.2,3580802.68
6316,未定名,民事,,,6/8/2019 10:52:51,谢河头湾88号楼,114.741854,30.847614,张某某入室抢劫被捕,未处理,12773004.76,3612974.69
7371,未定名,行政,,,6/8/2019 10:52:52,线铺湾14号楼,114.781347,30.905959,戚某某扒车盗窃审讯,未处理,12777401.1,3620542.14
4095,未定名,行政,,,6/8/2019 10:52:51,及时雨便当,114.44695,30.49956,杨某某网络诈骗审讯,未处理,12740176.2,3567926.61
4228,未定名,民事,,,6/8/2019 10:52:51,龙安·港汇城停车场,114.398377,30.501005,朱某某醉酒驾驶审讯,未处理,12734769.08,3568113.3
3736,未定名,行政,,,6/8/2019 10:52:51,华夏有机农业发展(武汉)有限公司(东南门),114.368618,30.517502,陈某某飞车抢夺被捕,未处理,12731456.32,3570244.86
6648,未定名,行政,,,6/8/2019 10:52:52,下喻湾47号楼,114.731055,30.840025,奚某某虚假诉讼在逃,未处理,12771802.62,3611990.73
5972,未定名,行政,,,6/8/2019 10:52:51,荣昌装饰,114.215482,30.559452,秦某某盗油审讯,未处理,12714409.3,3575666.8
5280,未定名,刑事,,,6/8/2019 10:52:51,薇安美甲美睫社(群星城店),114.350149,30.584437,杨某某肇事逃逸被捕,未处理,12729400.36,3578897.16
6239,未定名,行政,,,6/8/2019 10:52:51,胡胜祖55号楼,114.741528,30.792904,范某某盗窃三车在逃,未处理,12772968.47,3605882.89
5079,未定名,刑事,,,6/8/2019 10:52:51,鸿升不锈钢平价批发,114.377051,30.607697,苏某某肇事逃逸在逃,未处理,12732395.08,3581905.25
2905,未定名,民事,,,6/8/2019 10:52:50,武珞路与街道口地下通道交叉口,114.352789,30.526843,钱某某虚假诉讼审讯,未处理,12729694.24,3571451.96
2528,未定名,民事,,,6/8/2019 10:52:50,军威苑小区13号楼,114.311278,30.493419,施某某扒车盗窃被捕,未处理,12725073.26,3567133.24
653,未定名,民事,,,6/8/2019 10:52:49,鄂尔多斯羊绒大王(羊绒店),114.35318,30.52987,何某某入室抢劫被捕,未处理,12729737.77,3571843.15
6634,未定名,刑事,,,6/8/2019 10:52:52,刘四里21号楼,114.786411,30.839761,朱某某盗窃电缆、电线、U形线夹在逃,未处理,12777964.82,3611956.5
7558,未定名,民事,,,6/8/2019 10:52:52,蒋家沟湾3号楼,114.789329,30.940827,周某某盗窃保险柜在逃,未处理,12778289.65,3625066.79
3422,未定名,行政,,,6/8/2019 10:52:50,华中科技大学西2区126号,114.408943,30.518071,窦某某盗窃保险柜被捕,未处理,12735945.28,3570318.38
1092,未定名,民事,,,6/8/2019 10:52:50,姜炎公鱼堂(二十九分店),114.399648,30.507984,范某某街头诈骗审讯,未处理,12734910.56,3569015
1437,未定名,行政,,,6/8/2019 10:52:50,中环地产(武汉烽胜路店),114.292753,30.486261,邹某某入室盗窃被捕,未处理,12723011.07,3566208.55
4712,未定名,行政,,,6/8/2019 10:52:51,桥酥排骨(武大店),114.353384,30.534582,孙某某盗电审讯,未处理,12729760.48,3572452.13
4611,未定名,行政,,,6/8/2019 10:52:51,武汉理忱量化投资管理有限公司,114.355879,30.528177,水某某肇事逃逸在逃,未处理,12730038.22,3571624.35
5986,未定名,刑事,,,6/8/2019 10:52:51,地碾塆,114.27428,31.242506,杨某某盗窃三车在逃,未处理,12720954.66,3664283.37
7226,未定名,行政,,,6/8/2019 10:52:52,郑上湾59号楼,114.760969,30.913184,姜某某醉酒驾驶在逃,未处理,12775132.63,3621479.56
1406,未定名,行政,,,6/8/2019 10:52:50,金娃造型专业烫染店,114.32946,30.484889,章某某醉酒驾驶被捕,未处理,12727097.27,3566031.32
3760,未定名,刑事,,,6/8/2019 10:52:51,晨飞科技,114.3639,30.52319,金某某肇事逃逸审讯,未处理,12730931.11,3570979.88
6652,未定名,刑事,,,6/8/2019 10:52:52,下喻湾33号楼,114.731669,30.840329,戚某某盗窃三车被捕,未处理,12771870.97,3612030.14
4346,未定名,行政,,,6/8/2019 10:52:51,花之舞鲜花婚车,114.32126,30.497053,窦某某盗油审讯,未处理,12726184.45,3567602.72
5933,未定名,行政,,,6/8/2019 10:52:51,湖北省中医院进修生公寓(西北门),114.309192,30.549424,周某某肇事逃逸审讯,未处理,12724841.05,3574370.49
66,DY9YnPg,刑事,,,6/8/2019 10:52:49,优意客披萨(广埠屯店),114.363784,30.523091,姜某某醉酒驾驶在逃,未处理,12730918.2,3570967.09
6967,未定名,民事,,,6/8/2019 10:52:52,夏梅湾17号楼,114.738241,30.893693,赵某某虚假诉讼在逃,未处理,12772602.56,3618950.84
3824,未定名,行政,,,6/8/2019 10:52:51,瑞莎,114.351605,30.512643,彭某某入室盗窃在逃,未处理,12729562.44,3569616.99
6843,未定名,行政,,,6/8/2019 10:52:52,施中湾33号楼,114.766786,30.887037,王某某虚假诉讼被捕,未处理,12775780.18,3618087.42
4768,未定名,民事,,,6/8/2019 10:52:51,清山七号口味餐厅(建一店),114.380816,30.612202,王某某醉酒驾驶被捕,未处理,12732814.19,3582487.94
2509,未定名,行政,,,6/8/2019 10:52:50,雅轩餐厅,114.338648,30.489268,郑某某肇事逃逸审讯,未处理,12728120.07,3566597
4740,未定名,行政,,,6/8/2019 10:52:51,十九匠美空间(0068南湖店),114.325952,30.503755,陶某某盗油审讯,未处理,12726706.76,3568468.6
5850,未定名,民事,,,6/8/2019 10:52:51,Merci CAFE,114.307593,30.552806,魏某某醉酒驾驶审讯,未处理,12724663.05,3574807.66
1220,未定名,行政,,,6/8/2019 10:52:50,服装购物广场,114.32541,30.493499,秦某某街头诈骗在逃,未处理,12726646.43,3567143.58
4616,未定名,行政,,,6/8/2019 10:52:51,武汉荣柯投资管理有限公司,114.358346,30.529228,吴某某扒车盗窃审讯,未处理,12730312.84,3571760.18
149,YRwZZLJ,民事,,,6/8/2019 10:52:49,隆宏食品,114.26025,30.459692,韩某某肇事逃逸在逃,未处理,12719392.85,3562776.88
5007,未定名,民事,,,6/8/2019 10:52:51,艾尚依名品店,114.373372,30.617754,卫某某网络诈骗在逃,未处理,12731985.53,3583206.09
4484,未定名,刑事,,,6/8/2019 10:52:51,阿狸美颜馆,114.26058,30.44137,郑某某盗油在逃,未处理,12719429.58,3560410.95
1653,未定名,民事,,,6/8/2019 10:52:50,中国地质大学保卫处治安二科,114.400444,30.526936,张某某盗电审讯,未处理,12734999.17,3571463.98
5745,未定名,民事,,,6/8/2019 10:52:51,60年代小姐(百联奥特莱斯广场),114.257334,30.731442,卫某某肇事逃逸在逃,未处理,12719068.24,3597920.67
2710,未定名,行政,,,6/8/2019 10:52:50,喜顾(名士一号店),114.34218,30.506771,奚某某盗窃（破坏）电力电信设施被捕,未处理,12728513.25,3568858.28
4636,未定名,行政,,,6/8/2019 10:52:51,武汉东湖新技术创业中心,114.434951,30.496659,韩某某肇事逃逸在逃,未处理,12738840.47,3567551.82
5728,未定名,民事,,,6/8/2019 10:52:51,华盈粘胶,114.383282,30.71757,卫某某虚假诉讼在逃,未处理,12733088.71,3596124.3
5802,未定名,行政,,,6/8/2019 10:52:51,林埠上湾16号楼,114.674824,30.902791,曹某某盗油被捕,未处理,12765543.01,3620131.13
1319,未定名,刑事,,,6/8/2019 10:52:50,潮童馆(卓刀泉南路),114.367289,30.510217,李某某肇事逃逸审讯,未处理,12731308.37,3569303.53
6527,未定名,民事,,,6/8/2019 10:52:52,程益里66号楼,114.764353,30.831908,卫某某网络诈骗被捕,未处理,12775509.34,3610938.38
1956,未定名,行政,,,6/8/2019 10:52:50,中国铁通公话超市,114.32967,30.513345,云某某网络诈骗审讯,未处理,12727120.65,3569707.7
1376,未定名,行政,,,6/8/2019 10:52:50,宅急送(白沙洲营业厅),114.274599,30.470283,尤某某肇事逃逸在逃,未处理,12720990.17,3564144.71
6367,未定名,民事,,,6/8/2019 10:52:51,李雕匠湾97号楼,114.774986,30.823643,韩某某酒后驾驶审讯,未处理,12776693,3609866.95
1087,未定名,行政,,,6/8/2019 10:52:50,友间菜馆(升升公寓店),114.343324,30.507201,李某某街头扒窃在逃,未处理,12728640.6,3568913.83
3636,未定名,行政,,,6/8/2019 10:52:50,武汉切图网络技术有限公司,114.422244,30.500014,孙某某飞车抢夺在逃,未处理,12737425.94,3567985.27
4024,未定名,行政,,,6/8/2019 10:52:51,武汉电力职业技术学院室内体育场,114.363746,30.524456,冯某某街头扒窃在逃,未处理,12730913.97,3571143.48
2459,未定名,民事,,,6/8/2019 10:52:50,保利·心语16栋,114.324742,30.481227,邹某某街头诈骗审讯,未处理,12726572.06,3565558.28
3959,未定名,行政,,,6/8/2019 10:52:51,中南财经政法大学武汉学院-医务室,114.37877,30.498649,戚某某肇事逃逸审讯,未处理,12732586.43,3567808.91
3703,未定名,行政,,,6/8/2019 10:52:51,尚花坊,114.32526,30.49407,周某某盗窃电缆、电线、U形线夹在逃,未处理,12726629.73,3567217.34
1481,未定名,行政,,,6/8/2019 10:52:50,爱格成人24小时无人售货,114.338907,30.518028,章某某入室盗窃被捕,未处理,12728148.91,3570312.83
5582,未定名,行政,,,6/8/2019 10:52:51,足顺皮鞋店,114.380421,30.614525,云某某盗窃保险柜在逃,未处理,12732770.22,3582788.42
1843,未定名,刑事,,,6/8/2019 10:52:50,武汉净宇微藻科技有限公司,114.474938,30.485327,谢某某盗窃电缆、电线、U形线夹被捕,未处理,12743291.81,3566087.9
6385,未定名,民事,,,6/8/2019 10:52:51,陈中湾2号楼,114.771457,30.85752,沉某某盗窃（破坏）电力电信设施审讯,未处理,12776300.15,3614259.19
3065,未定名,行政,,,6/8/2019 10:52:50,停车场,114.405281,30.478111,章某某肇事逃逸在逃,未处理,12735537.63,3565155.79
4678,未定名,行政,,,6/8/2019 10:52:51,湖北省重点学科一级学科博士点-民族学,114.396309,30.481824,吴某某网络诈骗审讯,未处理,12734538.87,3565635.4
1462,未定名,民事,,,6/8/2019 10:52:50,安泰康大药房(恒泰分店),114.366276,30.52977,沉某某醉酒驾驶审讯,未处理,12731195.61,3571830.23
5039,未定名,行政,,,6/8/2019 10:52:51,梦天湖民福分店停车场,114.393502,30.619155,郑某某肇事逃逸审讯,未处理,12734226.39,3583387.32
7005,未定名,民事,,,6/8/2019 10:52:52,曾寨上湾18号楼,114.78607,30.884166,周某某肇事逃逸在逃,未处理,12777926.86,3617715.01
3057,未定名,行政,,,6/8/2019 10:52:50,月满大江(武汉店),114.401756,30.507095,郑某某醉酒驾驶被捕,未处理,12735145.22,3568900.14
311,64XEiF9,民事,,,6/8/2019 10:52:49,杰克网咖,114.376762,30.518132,章某某盗油在逃,未处理,12732362.9,3570326.27
5996,未定名,行政,,,6/8/2019 10:52:51,栗子冲,114.285093,31.124243,陈某某肇事逃逸被捕,未处理,12722158.36,3648895
3980,未定名,民事,,,6/8/2019 10:52:51,樱花大厦(东门),114.355687,30.533545,李某某虚假诉讼在逃,未处理,12730016.85,3572318.1
2068,未定名,行政,,,6/8/2019 10:52:50,武汉理工大学马房山校区东院停车场,114.354354,30.521596,吕某某醉酒驾驶在逃,未处理,12729868.46,3570773.89
210,mMsW65Z,行政,,,6/8/2019 10:52:49,光谷正华影城售票处,114.39695,30.495901,戚某某扒车盗窃被捕,未处理,12734610.22,3567453.89
5994,未定名,行政,,,6/8/2019 10:52:51,徐家冲,114.503526,31.143096,郑某某盗窃三车被捕,未处理,12746474.21,3651346.86
216,XaEGTc6,民事,,,6/8/2019 10:52:49,中国电信(满江红营业厅),114.357055,30.519358,郎某某虚假诉讼被捕,未处理,12730169.13,3570484.69
1960,未定名,民事,,,6/8/2019 10:52:50,B69区-6(雄楚1号购物广场),114.389531,30.497179,朱某某肇事逃逸审讯,未处理,12733784.34,3567619
5804,未定名,行政,,,6/8/2019 10:52:51,张家院55号楼,114.683336,30.77599,赵某某扒车盗窃在逃,未处理,12766490.57,3603691.23
4927,未定名,行政,,,6/8/2019 10:52:51,停车场(金地·自在城K3东),114.386731,30.604383,蒋某某飞车抢夺在逃,未处理,12733472.65,3581476.63
5125,未定名,行政,,,6/8/2019 10:52:51,爱家国际华城一期二期停车场,114.3673,30.592693,韩某某入室抢劫在逃,未处理,12731309.6,3579964.78
6496,未定名,刑事,,,6/8/2019 10:52:51,高么房湾18号楼,114.733884,30.825212,窦某某扒车盗窃在逃,未处理,12772117.54,3610070.34
2667,未定名,行政,,,6/8/2019 10:52:50,民芳超市,114.376302,30.507675,潘某某肇事逃逸在逃,未处理,12732311.7,3568975.08
4344,未定名,行政,,,6/8/2019 10:52:51,铁棚小商店,114.379172,30.498416,李某某入室盗窃在逃,未处理,12732631.18,3567778.81
7561,未定名,刑事,,,6/8/2019 10:52:52,蒋家沟湾20号楼,114.788735,30.942205,张某某盗窃三车在逃,未处理,12778223.53,3625245.64
7811,未定名,刑事,,,6/8/2019 10:52:52,南浦里250号楼,114.806335,30.839954,郑某某飞车抢夺被捕,未处理,12780182.75,3611981.52
4183,未定名,行政,,,6/8/2019 10:52:51,8天便利店(工学院店),114.285751,30.487036,李某某街头扒窃被捕,未处理,12722231.61,3566308.66
1503,未定名,行政,,,6/8/2019 10:52:50,如佳商务宾馆,114.323433,30.497554,褚某某街头诈骗被捕,未处理,12726426.35,3567667.45
110,6ix2snm,行政,,,6/8/2019 10:52:49,乐吉士(武银光谷大厦南),114.408602,30.477455,冯某某肇事逃逸在逃,未处理,12735907.32,3565071.06
1677,未定名,行政,,,6/8/2019 10:52:50,华师网络继续教育,114.356991,30.519295,何某某入室盗窃被捕,未处理,12730162.01,3570476.55
4687,未定名,民事,,,6/8/2019 10:52:51,武汉超级爵士鼓音乐教研演奏培训中心,114.39982,30.501972,奚某某盗窃保险柜审讯,未处理,12734929.71,3568238.23
6390,未定名,行政,,,6/8/2019 10:52:51,陈中湾52号楼,114.770668,30.858547,孔某某盗油在逃,未处理,12776212.32,3614392.37
869,未定名,刑事,,,6/8/2019 10:52:49,华中农业大学学生会,114.364661,30.473391,王某某盗油被捕,未处理,12731015.83,3564546.14
2314,未定名,行政,,,6/8/2019 10:52:50,佬菜农菜馆,114.267429,30.476951,郑某某肇事逃逸被捕,未处理,12720192.01,3565005.96
3933,未定名,行政,,,6/8/2019 10:52:51,快活林好吃一条街(北2门),114.291713,30.482246,窦某某电信诈骗在逃,未处理,12722895.29,3565689.91
4596,未定名,行政,,,6/8/2019 10:52:51,莱丹美容(保利心语店),114.328414,30.484858,赵某某飞车抢夺在逃,未处理,12726980.83,3566027.31
1371,未定名,民事,,,6/8/2019 10:52:50,卓刀泉寺法物流通处,114.368483,30.516446,郑某某街头诈骗审讯,未处理,12731441.29,3570108.4
6333,未定名,民事,,,6/8/2019 10:52:51,陈先里9号楼,114.764814,30.824717,彭某某电信诈骗审讯,未处理,12775560.66,3610006.17
2798,未定名,行政,,,6/8/2019 10:52:50,月亮湾4-3号,114.323399,30.505368,吴某某虚假诉讼在逃,未处理,12726422.56,3568677
7676,未定名,刑事,,,6/8/2019 10:52:52,蔡濠里117号楼,114.803356,30.849963,范某某电信诈骗审讯,未处理,12779851.13,3613279.27
5500,未定名,民事,,,6/8/2019 10:52:51,煲汤饺子汤圆凉面烧烤,114.391565,30.617062,周某某盗窃三车审讯,未处理,12734010.77,3583116.58
7617,未定名,民事,,,6/8/2019 10:52:52,柳子港229号楼,114.771462,30.924545,赵某某盗窃三车在逃,未处理,12776300.71,3622953.75
6147,未定名,刑事,,,6/8/2019 10:52:51,伞灯湾35号楼,114.740792,30.761429,邹某某盗窃（破坏）电力电信设施在逃,未处理,12772886.54,3601804.76
3548,未定名,民事,,,6/8/2019 10:52:50,水域天际营销中心,114.325282,30.503992,褚某某肇事逃逸审讯,未处理,12726632.18,3568499.22
3925,未定名,民事,,,6/8/2019 10:52:51,奇味盖饭花饭,114.365645,30.511226,赵某某肇事逃逸在逃,未处理,12731125.37,3569433.9
5622,未定名,刑事,,,6/8/2019 10:52:51,珍灵专业推拿,114.378638,30.616313,张某某肇事逃逸被捕,未处理,12732571.74,3583019.69
4526,未定名,民事,,,6/8/2019 10:52:51,尚卫展示,114.367449,30.519887,韩某某扒车盗窃审讯,未处理,12731326.19,3570553.05
105,434w4Yq,民事,,,6/8/2019 10:52:49,流行视窗购物广场(西北门),114.353593,30.526225,孔某某入室盗窃在逃,未处理,12729783.74,3571372.09
4652,未定名,行政,,,6/8/2019 10:52:51,武汉大学动力与机械学院(东南2门),114.316638,30.441408,周某某街头扒窃审讯,未处理,12725669.93,3560415.85
357,83l6D5s,行政,,,6/8/2019 10:52:49,武汉理工大孵化楼A座,114.35276,30.52304,孙某某盗窃保险柜在逃,未处理,12729691.01,3570960.5
3058,未定名,刑事,,,6/8/2019 10:52:50,北京片皮烤鸭(鲁巷店),114.394682,30.505546,华某某酒后驾驶被捕,未处理,12734357.75,3568700
4986,未定名,刑事,,,6/8/2019 10:52:51,才林街与润园路交叉口,114.3472,30.5968,何某某入室盗窃在逃,未处理,12729072.08,3580495.91
7514,未定名,民事,,,6/8/2019 10:52:52,程家大凹,114.751469,30.915082,赵某某肇事逃逸被捕,未处理,12774075.1,3621725.83
4971,未定名,行政,,,6/8/2019 10:52:51,武汉理工大学余家头校区臣基科技桥梁防撞装备研究中心,114.360322,30.60831,孙某某酒后驾驶在逃,未处理,12730532.81,3581984.54
774,未定名,民事,,,6/8/2019 10:52:49,利民安康大药房,114.342649,30.522254,沉某某网络诈骗被捕,未处理,12728565.46,3570858.92
1501,未定名,民事,,,6/8/2019 10:52:50,鑫宜家宾馆(武汉工程大学店),114.391576,30.498779,魏某某盗油被捕,未处理,12734011.99,3567825.71
7141,未定名,行政,,,6/8/2019 10:52:52,成家龙湾17号楼,114.783579,30.889064,朱某某醉酒驾驶在逃,未处理,12777649.57,3618350.36
1600,未定名,行政,,,6/8/2019 10:52:50,青润家园-西区,114.282225,30.487783,奚某某肇事逃逸被捕,未处理,12721839.09,3566405.16
1973,未定名,行政,,,6/8/2019 10:52:50,C158(珞珈创意体验城),114.357161,30.52658,严某某盗窃电缆、电线、U形线夹被捕,未处理,12730180.93,3571417.97
2937,未定名,民事,,,6/8/2019 10:52:50,外婆湾生活菜馆(珞喻东路),114.424674,30.506695,秦某某盗电审讯,未处理,12737696.44,3568848.46
7342,未定名,刑事,,,6/8/2019 10:52:52,市场里9号楼,114.756894,30.925848,李某某盗窃（破坏）电力电信设施审讯,未处理,12774679.01,3623122.83
338,eVfhwY2,民事,,,6/8/2019 10:52:49,武汉如家主题公寓(纺织大学店),114.402151,30.484519,王某某入室抢劫审讯,未处理,12735189.2,3565983.52
6495,未定名,行政,,,6/8/2019 10:52:51,高八屋湾64号楼,114.733868,30.823948,周某某虚假诉讼被捕,未处理,12772115.76,3609906.48
7575,未定名,行政,,,6/8/2019 10:52:52,大伯伦48号楼,114.776533,30.915905,李某某肇事逃逸被捕,未处理,12776865.21,3621832.62
1383,未定名,刑事,,,6/8/2019 10:52:50,武汉佳润达物流有限公司,114.309558,30.450989,彭某某入室抢劫在逃,未处理,12724881.79,3561653
1196,未定名,行政,,,6/8/2019 10:52:50,可多(保利时代南门2店),114.407394,30.490064,谢某某盗窃三车被捕,未处理,12735772.84,3566699.83
1938,未定名,行政,,,6/8/2019 10:52:50,武汉科技大学黄家湖校区南4舍,114.263428,30.435986,秦某某盗窃三车被捕,未处理,12719746.62,3559715.79
3402,未定名,行政,,,6/8/2019 10:52:50,武汉蛋糕鲜花同城速递,114.404491,30.504952,孙某某电信诈骗审讯,未处理,12735449.68,3568623.25
20,3TTCZyV,行政,,,6/8/2019 10:52:49,户部巷(曙光商贸城),114.396072,30.482061,邹某某盗窃（破坏）电力电信设施审讯,未处理,12734512.48,3565666.01
4850,未定名,行政,,,6/8/2019 10:52:51,中信银行24小时自助银行(武汉梨园支行),114.354962,30.582244,吕某某肇事逃逸在逃,未处理,12729936.14,3578613.59
5421,未定名,刑事,,,6/8/2019 10:52:51,兔宝宝板材专卖店,114.388604,30.608974,冯某某入室抢劫被捕,未处理,12733681.15,3582070.42
7693,未定名,行政,,,6/8/2019 10:52:52,柯张湾53号楼,114.807893,30.902937,严某某飞车抢夺被捕,未处理,12780356.19,3620150.07
680,未定名,行政,,,6/8/2019 10:52:49,Triumph(武商亚贸广场),114.343137,30.529059,韩某某入室盗窃审讯,未处理,12728619.79,3571738.34
5372,未定名,民事,,,6/8/2019 10:52:51,金鹤园小区21号楼,114.377737,30.610455,谢某某醉酒驾驶在逃,未处理,12732471.44,3582261.98
2310,未定名,刑事,,,6/8/2019 10:52:50,万科金色城市1807栋,114.261717,30.48233,孔某某盗油被捕,未处理,12719556.15,3565700.76
4473,未定名,行政,,,6/8/2019 10:52:51,新竹菜市场二层,114.403929,30.491414,金某某盗窃电缆、电线、U形线夹审讯,未处理,12735387.12,3566874.22
2050,未定名,民事,,,6/8/2019 10:52:50,东山公寓7号楼,114.398251,30.467932,陈某某盗窃（破坏）电力电信设施在逃,未处理,12734755.05,3563841.06
48,bWPNCE8,行政,,,6/8/2019 10:52:49,鑫鑫烧烤(园艺新村东北),114.260408,30.439083,赵某某街头扒窃审讯,未处理,12719410.44,3560115.65
781,未定名,刑事,,,6/8/2019 10:52:49,武汉汉庭公寓,114.398446,30.504369,章某某肇事逃逸审讯,未处理,12734776.76,3568547.93
3266,未定名,民事,,,6/8/2019 10:52:50,巴比伦堡10栋,114.402497,30.469785,孙某某肇事逃逸在逃,未处理,12735227.71,3564080.39
3901,未定名,刑事,,,6/8/2019 10:52:51,河坡山庄,114.210946,30.44182,冯某某盗窃三车审讯,未处理,12713904.35,3560469.05
3916,未定名,行政,,,6/8/2019 10:52:51,馨园春家常小炒,114.351044,30.517947,许某某入室抢劫在逃,未处理,12729499.99,3570302.36
41,ivJ579B,行政,,,6/8/2019 10:52:49,东北菜饺子府(百瑞景店),114.33735,30.525254,郑某某肇事逃逸在逃,未处理,12727975.58,3571246.61
3563,未定名,行政,,,6/8/2019 10:52:50,丹悦美,114.392658,30.496806,朱某某盗电在逃,未处理,12734132.44,3567570.81
5175,未定名,刑事,,,6/8/2019 10:52:51,武汉理工大学余家头校区(东1门),114.361582,30.607917,卫某某电信诈骗在逃,未处理,12730673.07,3581933.71
7749,未定名,行政,,,6/8/2019 10:52:52,凤凰里19号楼,114.805783,30.835823,杨某某扒车盗窃在逃,未处理,12780121.3,3611445.94
5096,未定名,民事,,,6/8/2019 10:52:51,银安消防,114.364085,30.605266,窦某某街头诈骗在逃,未处理,12730951.71,3581590.83
7861,未定名,行政,,,6/8/2019 10:52:52,雷桃树村,114.987243,30.909659,窦某某入室盗窃被捕,未处理,12800321.34,3621022.19
1331,未定名,刑事,,,6/8/2019 10:52:50,喻师傅车行,114.415999,30.516701,严某某醉酒驾驶被捕,未处理,12736730.75,3570141.35
2756,未定名,行政,,,6/8/2019 10:52:50,湖北恒信电力设计有限公司,114.341518,30.504884,尤某某肇事逃逸被捕,未处理,12728439.56,3568614.47
3812,未定名,行政,,,6/8/2019 10:52:51,程力专用汽车股份有限公司,114.39717,30.508556,李某某肇事逃逸在逃,未处理,12734634.71,3569088.91
6828,未定名,行政,,,6/8/2019 10:52:52,王瓦湾30号楼,114.742046,30.873961,姜某某盗窃三车审讯,未处理,12773026.13,3616391.38
2465,未定名,刑事,,,6/8/2019 10:52:50,天运副食,114.318348,30.473292,卫某某飞车抢夺被捕,未处理,12725860.29,3564533.35
3958,未定名,民事,,,6/8/2019 10:52:51,yammy零食星球(维佳·佰港城),114.326745,30.503441,李某某肇事逃逸被捕,未处理,12726795.04,3568428.03
7336,未定名,行政,,,6/8/2019 10:52:52,市场里42号楼,114.756488,30.925573,郑某某肇事逃逸在逃,未处理,12774633.81,3623087.15
4552,未定名,行政,,,6/8/2019 10:52:51,曹师傅缝纫店,114.408381,30.51989,谢某某飞车抢夺被捕,未处理,12735882.72,3570553.44
446,CK4U564,刑事,,,6/8/2019 10:52:49,艺术家培训中心,114.369637,30.499598,彭某某肇事逃逸在逃,未处理,12731569.75,3567931.52
4289,未定名,行政,,,6/8/2019 10:52:51,crufenser,114.339658,30.506228,窦某某盗电在逃,未处理,12728232.51,3568788.12
4242,未定名,行政,,,6/8/2019 10:52:51,星星冷冻,114.311092,30.474993,苏某某肇事逃逸审讯,未处理,12725052.55,3564753.05
166,vdi6gEh,民事,,,6/8/2019 10:52:49,KADIGAO,114.32225,30.504451,严某某醉酒驾驶审讯,未处理,12726294.66,3568558.52
3731,未定名,行政,,,6/8/2019 10:52:51,王保长大锅灶台,114.386746,30.505263,陈某某肇事逃逸在逃,未处理,12733474.32,3568663.44
1167,未定名,刑事,,,6/8/2019 10:52:50,伊利冰淇淋,114.386977,30.500543,朱某某盗窃电缆、电线、U形线夹在逃,未处理,12733500.03,3568053.61
4541,未定名,民事,,,6/8/2019 10:52:51,拾光摄影(米兰映象东南),114.408111,30.501796,华某某肇事逃逸审讯,未处理,12735852.66,3568215.5
4105,未定名,行政,,,6/8/2019 10:52:51,万弘汇美食城,114.325085,30.504803,魏某某盗窃（破坏）电力电信设施审讯,未处理,12726610.25,3568604
1649,未定名,民事,,,6/8/2019 10:52:50,老教授协会教育服务中心惠诚分部,114.368847,30.515608,金某某酒后驾驶被捕,未处理,12731481.81,3570000.12
2621,未定名,行政,,,6/8/2019 10:52:50,华中农业大学教师公寓西苑38栋,114.343585,30.47777,严某某街头诈骗被捕,未处理,12728669.66,3565111.75
